member_id,member_name,member_email_id,designation
1,David,David@gmail.com,teacher
2,John,John@gmail.com,staff
3,Paul,Paul@gmail.com,teacher
4,Mark,Mark@gmail.com,student
5,James,James@gmail.com,student
6,Andrew,Andrew@gmail.com,teacher
7,Scott,Scott@gmail.com,student
8,Steven,Steven@gmail.com,staff
9,Robert,Robert@gmail.com,teacher
10,Stephen,Stephen@gmail.com,student
11,William,William@gmail.com,staff
12,Craig,Craig@gmail.com,staff
13,Michael,Michael@gmail.com,staff
14,Stuart,Stuart@gmail.com,student
15,Christopher,Christopher@gmail.com,teacher
16,Alan,Alan@gmail.com,staff
17,Colin,Colin@gmail.com,staff
18,Brian,Brian@gmail.com,staff
19,Kevin,Kevin@gmail.com,teacher
20,Gary,Gary@gmail.com,student
21,Richard,Richard@gmail.com,teacher
22,Derek,Derek@gmail.com,teacher
23,Martin,Martin@gmail.com,teacher
24,Thomas,Thomas@gmail.com,student
25,Neil,Neil@gmail.com,student
26,Barry,Barry@gmail.com,teacher
27,Ian,Ian@gmail.com,teacher
28,Jason,Jason@gmail.com,staff
29,Iain,Iain@gmail.com,student
30,Gordon,Gordon@gmail.com,teacher
31,Alexander,Alexander@gmail.com,teacher
32,Graeme,Graeme@gmail.com,teacher
33,Peter,Peter@gmail.com,student
34,Darren,Darren@gmail.com,student
35,Graham,Graham@gmail.com,teacher
36,George,George@gmail.com,staff
37,Kenneth,Kenneth@gmail.com,staff
38,Allan,Allan@gmail.com,student
39,Simon,Simon@gmail.com,teacher
40,Douglas,Douglas@gmail.com,staff
41,Keith,Keith@gmail.com,teacher
42,Lee,Lee@gmail.com,student
43,Anthony,Anthony@gmail.com,staff
44,Grant,Grant@gmail.com,teacher
45,Ross,Ross@gmail.com,teacher
46,Jonathan,Jonathan@gmail.com,student
47,Gavin,Gavin@gmail.com,teacher
48,Nicholas,Nicholas@gmail.com,staff
49,Joseph,Joseph@gmail.com,teacher
50,Stewart,Stewart@gmail.com,staff
51,Daniel,Daniel@gmail.com,student
52,Edward,Edward@gmail.com,student
53,Matthew,Matthew@gmail.com,teacher
54,Donald,Donald@gmail.com,teacher
55,Fraser,Fraser@gmail.com,student
56,Garry,Garry@gmail.com,staff
57,Malcolm,Malcolm@gmail.com,staff
58,Charles,Charles@gmail.com,student
59,Duncan,Duncan@gmail.com,student
60,Alistair,Alistair@gmail.com,teacher
61,Raymond,Raymond@gmail.com,teacher
62,Philip,Philip@gmail.com,staff
63,Ronald,Ronald@gmail.com,staff
64,Ewan,Ewan@gmail.com,teacher
65,Ryan,Ryan@gmail.com,staff
66,Francis,Francis@gmail.com,student
67,Bruce,Bruce@gmail.com,student
68,Patrick,Patrick@gmail.com,student
69,Alastair,Alastair@gmail.com,student
70,Bryan,Bryan@gmail.com,teacher
71,Marc,Marc@gmail.com,teacher
72,Jamie,Jamie@gmail.com,staff
73,Hugh,Hugh@gmail.com,student
74,Euan,Euan@gmail.com,teacher
75,Gerard,Gerard@gmail.com,teacher
76,Sean,Sean@gmail.com,student
77,Wayne,Wayne@gmail.com,student
78,Adam,Adam@gmail.com,staff
79,Calum,Calum@gmail.com,student
80,Alasdair,Alasdair@gmail.com,teacher
81,Robin,Robin@gmail.com,staff
82,Greig,Greig@gmail.com,staff
83,Angus,Angus@gmail.com,teacher
84,Russell,Russell@gmail.com,staff
85,Cameron,Cameron@gmail.com,teacher
86,Roderick,Roderick@gmail.com,teacher
87,Norman,Norman@gmail.com,teacher
88,Murray,Murray@gmail.com,staff
89,Gareth,Gareth@gmail.com,student
90,Dean,Dean@gmail.com,student
91,Eric,Eric@gmail.com,staff
92,Adrian,Adrian@gmail.com,teacher
93,Gregor,Gregor@gmail.com,teacher
94,Samuel,Samuel@gmail.com,teacher
95,Gerald,Gerald@gmail.com,teacher
96,Henry,Henry@gmail.com,student
97,Justin,Justin@gmail.com,teacher
98,Benjamin,Benjamin@gmail.com,staff
99,Shaun,Shaun@gmail.com,teacher
100,Callum,Callum@gmail.com,student
101,Campbell,Campbell@gmail.com,teacher
102,Frank,Frank@gmail.com,staff
103,Roy,Roy@gmail.com,student
104,Timothy,Timothy@gmail.com,student
105,David,David@gmail.com,student
106,John,John@gmail.com,staff
107,Paul,Paul@gmail.com,staff
108,James,James@gmail.com,staff
109,Mark,Mark@gmail.com,teacher
110,Scott,Scott@gmail.com,teacher
111,Andrew,Andrew@gmail.com,student
112,Steven,Steven@gmail.com,staff
113,Robert,Robert@gmail.com,teacher
114,Stephen,Stephen@gmail.com,student
115,Craig,Craig@gmail.com,staff
116,Christopher,Christopher@gmail.com,student
117,Alan,Alan@gmail.com,staff
118,Michael,Michael@gmail.com,teacher
119,Stuart,Stuart@gmail.com,staff
120,William,William@gmail.com,student
121,Kevin,Kevin@gmail.com,student
122,Colin,Colin@gmail.com,teacher
123,Brian,Brian@gmail.com,teacher
124,Derek,Derek@gmail.com,staff
125,Neil,Neil@gmail.com,student
126,Richard,Richard@gmail.com,student
127,Gary,Gary@gmail.com,staff
128,Barry,Barry@gmail.com,student
129,Martin,Martin@gmail.com,teacher
130,Thomas,Thomas@gmail.com,student
131,Ian,Ian@gmail.com,teacher
132,Gordon,Gordon@gmail.com,staff
133,Kenneth,Kenneth@gmail.com,staff
134,Alexander,Alexander@gmail.com,student
135,Graeme,Graeme@gmail.com,student
136,Peter,Peter@gmail.com,student
137,Iain,Iain@gmail.com,student
138,Graham,Graham@gmail.com,student
139,Jason,Jason@gmail.com,student
140,George,George@gmail.com,student
141,Allan,Allan@gmail.com,staff
142,Keith,Keith@gmail.com,student
143,Darren,Darren@gmail.com,staff
144,Simon,Simon@gmail.com,staff
145,Douglas,Douglas@gmail.com,student
146,Ross,Ross@gmail.com,student
147,Stewart,Stewart@gmail.com,staff
148,Lee,Lee@gmail.com,staff
149,Grant,Grant@gmail.com,student
150,Nicholas,Nicholas@gmail.com,staff
151,Joseph,Joseph@gmail.com,staff
152,Gavin,Gavin@gmail.com,student
153,Anthony,Anthony@gmail.com,teacher
154,Jonathan,Jonathan@gmail.com,teacher
155,Daniel,Daniel@gmail.com,teacher
156,Fraser,Fraser@gmail.com,teacher
157,Matthew,Matthew@gmail.com,student
158,Donald,Donald@gmail.com,staff
159,Malcolm,Malcolm@gmail.com,teacher
160,Alistair,Alistair@gmail.com,teacher
161,Edward,Edward@gmail.com,staff
162,Raymond,Raymond@gmail.com,student
163,Charles,Charles@gmail.com,teacher
164,Philip,Philip@gmail.com,teacher
165,Bruce,Bruce@gmail.com,student
166,Garry,Garry@gmail.com,student
167,Jamie,Jamie@gmail.com,student
168,Ryan,Ryan@gmail.com,teacher
169,Bryan,Bryan@gmail.com,student
170,Francis,Francis@gmail.com,teacher
171,Alastair,Alastair@gmail.com,teacher
172,Duncan,Duncan@gmail.com,teacher
173,Patrick,Patrick@gmail.com,student
174,Ronald,Ronald@gmail.com,teacher
175,Alasdair,Alasdair@gmail.com,teacher
176,Ewan,Ewan@gmail.com,teacher
177,Marc,Marc@gmail.com,student
178,Wayne,Wayne@gmail.com,student
179,Hugh,Hugh@gmail.com,teacher
180,Robin,Robin@gmail.com,staff
181,Sean,Sean@gmail.com,staff
182,Calum,Calum@gmail.com,staff
183,Euan,Euan@gmail.com,staff
184,Adam,Adam@gmail.com,student
185,Russell,Russell@gmail.com,student
186,Cameron,Cameron@gmail.com,student
187,Gerard,Gerard@gmail.com,student
188,Murray,Murray@gmail.com,teacher
189,Norman,Norman@gmail.com,staff
190,Angus,Angus@gmail.com,staff
191,Greig,Greig@gmail.com,student
192,Justin,Justin@gmail.com,staff
193,Gregor,Gregor@gmail.com,staff
194,Gerald,Gerald@gmail.com,staff
195,Roderick,Roderick@gmail.com,staff
196,Roy,Roy@gmail.com,student
197,Benjamin,Benjamin@gmail.com,student
198,Timothy,Timothy@gmail.com,student
199,Dean,Dean@gmail.com,teacher
200,Samuel,Samuel@gmail.com,staff
201,Greg,Greg@gmail.com,teacher
202,Shaun,Shaun@gmail.com,teacher
203,Adrian,Adrian@gmail.com,student
204,Campbell,Campbell@gmail.com,staff
205,David,David@gmail.com,student
206,John,John@gmail.com,staff
207,Paul,Paul@gmail.com,staff
208,James,James@gmail.com,staff
209,Andrew,Andrew@gmail.com,staff
210,Steven,Steven@gmail.com,staff
211,Scott,Scott@gmail.com,student
212,Mark,Mark@gmail.com,student
213,Robert,Robert@gmail.com,teacher
214,Stephen,Stephen@gmail.com,staff
215,Craig,Craig@gmail.com,staff
216,Christopher,Christopher@gmail.com,teacher
217,Stuart,Stuart@gmail.com,staff
218,Alan,Alan@gmail.com,staff
219,William,William@gmail.com,staff
220,Michael,Michael@gmail.com,student
221,Kevin,Kevin@gmail.com,student
222,Colin,Colin@gmail.com,staff
223,Brian,Brian@gmail.com,student
224,Derek,Derek@gmail.com,student
225,Neil,Neil@gmail.com,student
226,Richard,Richard@gmail.com,teacher
227,Martin,Martin@gmail.com,staff
228,Gary,Gary@gmail.com,teacher
229,Ross,Ross@gmail.com,staff
230,Thomas,Thomas@gmail.com,student
231,Ian,Ian@gmail.com,teacher
232,Iain,Iain@gmail.com,student
233,Barry,Barry@gmail.com,teacher
234,Gordon,Gordon@gmail.com,staff
235,Graeme,Graeme@gmail.com,teacher
236,Graham,Graham@gmail.com,teacher
237,Alexander,Alexander@gmail.com,staff
238,Peter,Peter@gmail.com,student
239,Kenneth,Kenneth@gmail.com,teacher
240,Simon,Simon@gmail.com,staff
241,Allan,Allan@gmail.com,student
242,Darren,Darren@gmail.com,student
243,George,George@gmail.com,staff
244,Douglas,Douglas@gmail.com,teacher
245,Jason,Jason@gmail.com,staff
246,Lee,Lee@gmail.com,teacher
247,Gavin,Gavin@gmail.com,teacher
248,Anthony,Anthony@gmail.com,teacher
249,Jonathan,Jonathan@gmail.com,teacher
250,Stewart,Stewart@gmail.com,staff
251,Jamie,Jamie@gmail.com,teacher
252,Keith,Keith@gmail.com,teacher
253,Matthew,Matthew@gmail.com,teacher
254,Joseph,Joseph@gmail.com,student
255,Daniel,Daniel@gmail.com,student
256,Edward,Edward@gmail.com,student
257,Nicholas,Nicholas@gmail.com,staff
258,Grant,Grant@gmail.com,staff
259,Ryan,Ryan@gmail.com,teacher
260,Philip,Philip@gmail.com,teacher
261,Alistair,Alistair@gmail.com,teacher
262,Donald,Donald@gmail.com,staff
263,Charles,Charles@gmail.com,student
264,Duncan,Duncan@gmail.com,staff
265,Garry,Garry@gmail.com,staff
266,Malcolm,Malcolm@gmail.com,staff
267,Raymond,Raymond@gmail.com,student
268,Bryan,Bryan@gmail.com,staff
269,Ewan,Ewan@gmail.com,student
270,Fraser,Fraser@gmail.com,student
271,Alastair,Alastair@gmail.com,staff
272,Euan,Euan@gmail.com,teacher
273,Patrick,Patrick@gmail.com,staff
274,Bruce,Bruce@gmail.com,student
275,Ronald,Ronald@gmail.com,staff
276,Greig,Greig@gmail.com,student
277,Hugh,Hugh@gmail.com,teacher
278,Francis,Francis@gmail.com,student